ProductID,Product Name,Year,Sales_units,Mass_of_Inflow_kg,HHStock _units,Average_Stock_Mass _kg,Category,Category key,Minimum_Lifespan,Maximum_Lifespan,Weibull_Scale,Weibull_Shape
1,Basic mobile phone,1984,22750,0.114,,,P,Phone,1,10,2.814943,1.833479
1,Basic mobile phone,1985,68250,0.114,,,P,Phone,1,10,2.814943,1.833479
1,Basic mobile phone,1986,259350,0.114,,,P,Phone,1,10,2.814943,1.833479
1,Basic mobile phone,1987,514150,0.114,,,P,Phone,1,10,2.814943,1.833479
1,Basic mobile phone,1988,809900,0.114,,,P,Phone,1,10,2.814943,1.833479
1,Basic mobile phone,1989,1365000,0.114,,,P,Phone,1,10,2.814943,1.833479
1,Basic mobile phone,1990,1665300,0.114,,,P,Phone,1,10,2.814943,1.833479
1,Basic mobile phone,1991,2174900,0.114,,,P,Phone,1,10,2.814943,1.833479
1,Basic mobile phone,1992,3480750,0.114,,,P,Phone,1,10,2.814943,1.833479
1,Basic mobile phone,1993,5086900,0.114,,,P,Phone,1,10,2.814943,1.833479
1,Basic mobile phone,1994,8030750,0.114,,,P,Phone,1,10,2.814943,1.833479
1,Basic mobile phone,1995,9368450,0.114,,,P,Phone,1,10,2.814943,1.833479
1,Basic mobile phone,1996,10524150,0.114,,,P,Phone,1,10,2.814943,1.833479
1,Basic mobile phone,1997,24570000,0.114,,,P,Phone,1,10,2.814943,1.833479
1,Basic mobile phone,1998,27300000,0.114,,,P,Phone,1,10,2.814943,1.833479
1,Basic mobile phone,1999,30667000,0.114,,,P,Phone,1,10,2.814943,1.833479
1,Basic mobile phone,2000,47866000,0.114,,,P,Phone,1,10,2.814943,1.833479
1,Basic mobile phone,2001,48594000,0.114,,,P,Phone,1,10,2.814943,1.833479
1,Basic mobile phone,2002,59140900,0.114,,,P,Phone,1,10,2.814943,1.833479
1,Basic mobile phone,2003,69945330,0.114,,,P,Phone,1,10,2.814943,1.833479
1,Basic mobile phone,2004,72690000,0.114,,,P,Phone,1,10,2.814943,1.833479
1,Basic mobile phone,2005,86042000,0.114,,,P,Phone,1,10,2.814943,1.833479
1,Basic mobile phone,2006,99472000,0.114,,,P,Phone,1,10,2.814943,1.833479
1,Basic mobile phone,2007,101500000,0.114,,,P,Phone,1,10,2.814943,1.833479
1,Basic mobile phone,2008,102775000,0.114,,,P,Phone,1,10,2.814943,1.833479
1,Basic mobile phone,2009,94239000,0.114,,,P,Phone,1,10,2.814943,1.833479
1,Basic mobile phone,2010,91225000,0.114,,,P,Phone,1,10,2.814943,1.833479
1,Basic mobile phone,2011,79000000,0.114,,,P,Phone,1,10,2.814943,1.833479
1,Basic mobile phone,2012,66602000,0.114,,,P,Phone,1,10,2.814943,1.833479
1,Basic mobile phone,2013,51950000,0.114,,,P,Phone,1,10,2.814943,1.833479
1,Basic mobile phone,2014,41560000,0.114,,,P,Phone,1,10,2.814943,1.833479
1,Basic mobile phone,2015,29092000,0.114,,,P,Phone,1,10,2.814943,1.833479
1,Basic mobile phone,2016,20364400,0.114,,,P,Phone,1,10,2.814943,1.833479
1,Basic mobile phone,2017,17309740,0.114,,,P,Phone,1,10,2.814943,1.833479
1,Basic mobile phone,2018,14367084,0.114,,,P,Phone,1,10,2.814943,1.833479
2, Blu-ray player,1989,0,0,,,V,Video,1,10,6.091079,2.064915
2, Blu-ray player,1990,0,0,,,V,Video,1,10,6.091079,2.064915
2, Blu-ray player,1991,0,0,,,V,Video,1,10,6.091079,2.064915
2, Blu-ray player,1992,0,0,,,V,Video,1,10,6.091079,2.064915
2, Blu-ray player,1993,0,0,,,V,Video,1,10,6.091079,2.064915
2, Blu-ray player,1994,0,0,,,V,Video,1,10,6.091079,2.064915
2, Blu-ray player,1995,0,0,,,V,Video,1,10,6.091079,2.064915
2, Blu-ray player,1996,0,0,,,V,Video,1,10,6.091079,2.064915
2, Blu-ray player,1997,0,0,,,V,Video,1,10,6.091079,2.064915
2, Blu-ray player,1998,0,0,,,V,Video,1,10,6.091079,2.064915
2, Blu-ray player,1999,0,0,,,V,Video,1,10,6.091079,2.064915
2, Blu-ray player,2000,0,0,,,V,Video,1,10,6.091079,2.064915
2, Blu-ray player,2001,0,0,,,V,Video,1,10,6.091079,2.064915
2, Blu-ray player,2002,0,0,,,V,Video,1,10,6.091079,2.064915
2, Blu-ray player,2003,0,0,,,V,Video,1,10,6.091079,2.064915
2, Blu-ray player,2004,0,0,,,V,Video,1,10,6.091079,2.064915
2, Blu-ray player,2005,0,0,,,V,Video,1,10,6.091079,2.064915
2, Blu-ray player,2006,130000,3.15,,,V,Video,1,10,6.091079,2.064915
2, Blu-ray player,2007,1136000,3.15,,,V,Video,1,10,6.091079,2.064915
2, Blu-ray player,2008,2773000,3.15,,,V,Video,1,10,6.091079,2.064915
2, Blu-ray player,2009,7088000,3.15,,,V,Video,1,10,6.091079,2.064915
2, Blu-ray player,2010,9301000,3.15,,,V,Video,1,10,6.091079,2.064915
2, Blu-ray player,2011,9991000,3.15,,,V,Video,1,10,6.091079,2.064915
2, Blu-ray player,2012,10769000,3.15,,,V,Video,1,10,6.091079,2.064915
2, Blu-ray player,2013,11088000,3.15,,,V,Video,1,10,6.091079,2.064915
2, Blu-ray player,2014,9088000,3.15,,,V,Video,1,10,6.091079,2.064915
2, Blu-ray player,2015,7727000,3.15,,,V,Video,1,10,6.091079,2.064915
2, Blu-ray player,2016,7298777,3.15,,,V,Video,1,10,6.091079,2.064915
2, Blu-ray player,2017,6623960,3.15,,,V,Video,1,10,6.091079,2.064915
2, Blu-ray player,2018,6624020,3.15,,,V,Video,1,10,6.091079,2.064915
3, CRT monitor,1980,343225.8065,11.11,,,M,Monitor,1,25,12.82551,2.296921
3, CRT monitor,1981,686451.6129,11.11,,,M,Monitor,1,25,12.82551,2.296921
3, CRT monitor,1982,1064000,11.11,,,M,Monitor,1,25,12.82551,2.296921
3, CRT monitor,1983,1907500,11.11,,,M,Monitor,1,25,12.82551,2.296921
3, CRT monitor,1984,2331000,11.11,,,M,Monitor,1,25,12.82551,2.296921
3, CRT monitor,1985,2016000,11.11,,,M,Monitor,1,25,12.82551,2.296921
3, CRT monitor,1986,2397850,11.11,,,M,Monitor,1,25,12.82551,2.296921
3, CRT monitor,1987,2870700,11.11,,,M,Monitor,1,25,12.82551,2.296921
3, CRT monitor,1988,3053400,11.11,,,M,Monitor,1,25,12.82551,2.296921
3, CRT monitor,1989,3117030.35,11.11,,,M,Monitor,1,25,12.82551,2.296921
3, CRT monitor,1990,3319935.15,11.17,,,M,Monitor,1,25,12.82551,2.296921
3, CRT monitor,1991,3333316.7,11.23,,,M,Monitor,1,25,12.82551,2.296921
3, CRT monitor,1992,3468850,11.29,,,M,Monitor,1,25,12.82551,2.296921
3, CRT monitor,1993,4557707.196,11.34,,,M,Monitor,1,25,12.82551,2.296921
3, CRT monitor,1994,5353664.4,13.09,,,M,Monitor,1,25,12.82551,2.296921
3, CRT monitor,1995,6912069,14.84,,,M,Monitor,1,25,12.82551,2.296921
3, CRT monitor,1996,7567312,16.59,,,M,Monitor,1,25,12.82551,2.296921
3, CRT monitor,1997,9314468,18.34,,,M,Monitor,1,25,12.82551,2.296921
3, CRT monitor,1998,11980924,20.09,,,M,Monitor,1,25,12.82551,2.296921
3, CRT monitor,1999,16374168.02,21.84,,,M,Monitor,1,25,12.82551,2.296921
3, CRT monitor,2000,17008578.8,23.59,,,M,Monitor,1,25,12.82551,2.296921
3, CRT monitor,2001,13155554.99,23.41,,,M,Monitor,1,25,12.82551,2.296921
3, CRT monitor,2002,13445008.67,23.25,,,M,Monitor,1,25,12.82551,2.296921
3, CRT monitor,2003,12290636.38,23.07,,,M,Monitor,1,25,12.82551,2.296921
3, CRT monitor,2004,11873747.02,22.91,,,M,Monitor,1,25,12.82551,2.296921
3, CRT monitor,2005,10012401.53,22.91,,,M,Monitor,1,25,12.82551,2.296921
3, CRT monitor,2006,5971514.892,22.91,,,M,Monitor,1,25,12.82551,2.296921
3, CRT monitor,2007,776303.662,22.91,,,M,Monitor,1,25,12.82551,2.296921
3, CRT monitor,2008,0,0,,,M,Monitor,1,25,12.82551,2.296921
3, CRT monitor,2009,0,0,,,M,Monitor,1,25,12.82551,2.296921
3, CRT monitor,2010,0,0,,,M,Monitor,1,25,12.82551,2.296921
3, CRT monitor,2011,0,0,,,M,Monitor,1,25,12.82551,2.296921
3, CRT monitor,2012,0,0,,,M,Monitor,1,25,12.82551,2.296921
3, CRT monitor,2013,0,0,,,M,Monitor,1,25,12.82551,2.296921
3, CRT monitor,2014,0,0,,,M,Monitor,1,25,12.82551,2.296921
3, CRT monitor,2015,0,0,,,M,Monitor,1,25,12.82551,2.296921
3, CRT monitor,2016,0,0,,,M,Monitor,1,25,12.82551,2.296921
3, CRT monitor,2017,0,0,,,M,Monitor,1,25,12.82551,2.296921
3, CRT monitor,2018,0,0,,,M,Monitor,1,25,12.82551,2.296921
4, CRT TV,1980,17581000,26.07666267,,,T,TV,1,25,17.2891,2.89361
4, CRT TV,1981,16811000,26.07666267,,,T,TV,1,25,17.2891,2.89361
4, CRT TV,1982,17058000,26.07666267,,,T,TV,1,25,17.2891,2.89361
4, CRT TV,1983,19721000,26.07666267,,,T,TV,1,25,17.2891,2.89361
4, CRT TV,1984,21328000,26.07666267,,,T,TV,1,25,17.2891,2.89361
4, CRT TV,1985,20779000,25.68258233,,,T,TV,1,25,17.2891,2.89361
4, CRT TV,1986,22461000,25.87926639,,,T,TV,1,25,17.2891,2.89361
4, CRT TV,1987,23170000,25.81065182,,,T,TV,1,25,17.2891,2.89361
4, CRT TV,1988,23092000,25.87458067,,,T,TV,1,25,17.2891,2.89361
4, CRT TV,1989,23627000,25.56904333,,,T,TV,1,25,17.2891,2.89361
4, CRT TV,1990,22570000,26.14719147,,,T,TV,1,25,17.2891,2.89361
4, CRT TV,1991,21300000,26.55769047,,,T,TV,1,25,17.2891,2.89361
4, CRT TV,1992,23029000,26.80159208,,,T,TV,1,25,17.2891,2.89361
4, CRT TV,1993,25649000,27.4138499,,,T,TV,1,25,17.2891,2.89361
4, CRT TV,1994,27908000,26.88042987,,,T,TV,1,25,17.2891,2.89361
4, CRT TV,1995,26736000,27.05057513,,,T,TV,1,25,17.2891,2.89361
4, CRT TV,1996,25895000,27.13055094,,,T,TV,1,25,17.2891,2.89361
4, CRT TV,1997,24921000,27.38532702,,,T,TV,1,25,17.2891,2.89361
4, CRT TV,1998,26768000,27.60595713,,,T,TV,1,25,17.2891,2.89361
4, CRT TV,1999,29188000,27.26592672,,,T,TV,1,25,17.2891,2.89361
4, CRT TV,2000,30620000,27.22841381,,,T,TV,1,25,17.2891,2.89361
4, CRT TV,2001,26980000,27.46600127,,,T,TV,1,25,17.2891,2.89361
4, CRT TV,2002,28245000,27.03595985,,,T,TV,1,25,17.2891,2.89361
4, CRT TV,2003,25640000,28.45263862,,,T,TV,1,25,17.2891,2.89361
4, CRT TV,2004,23824000,29.04823903,,,T,TV,1,25,17.2891,2.89361
4, CRT TV,2005,20427000,29.54985394,,,T,TV,1,25,17.2891,2.89361
4, CRT TV,2006,10904000,30.16413622,,,T,TV,1,25,17.2891,2.89361
4, CRT TV,2007,1400000,30.16413622,,,T,TV,1,25,17.2891,2.89361
4, CRT TV,2008,0,0,,,T,TV,1,25,17.2891,2.89361
4, CRT TV,2009,0,0,,,T,TV,1,25,17.2891,2.89361
4, CRT TV,2010,0,0,,,T,TV,1,25,17.2891,2.89361
4, CRT TV,2011,0,0,,,T,TV,1,25,17.2891,2.89361
4, CRT TV,2012,0,0,,,T,TV,1,25,17.2891,2.89361
4, CRT TV,2013,0,0,,,T,TV,1,25,17.2891,2.89361
4, CRT TV,2014,0,0,,,T,TV,1,25,17.2891,2.89361
4, CRT TV,2015,0,0,,,T,TV,1,25,17.2891,2.89361
4, CRT TV,2016,0,0,,,T,TV,1,25,17.2891,2.89361
4, CRT TV,2017,0,0,,,T,TV,1,25,17.2891,2.89361
4, CRT TV,2018,0,0,,,T,TV,1,25,17.2891,2.89361
5,Desktop CPU,1980,343225.8065,9.89,,,C,Computing,1,25,11.61764,2.218678
5,Desktop CPU,1981,686451.6129,9.89,,,C,Computing,1,25,11.61764,2.218678
5,Desktop CPU,1982,1064000,9.89,,,C,Computing,1,25,11.61764,2.218678
5,Desktop CPU,1983,1907500,9.89,,,C,Computing,1,25,11.61764,2.218678
5,Desktop CPU,1984,2331000,9.89,,,C,Computing,1,25,11.61764,2.218678
5,Desktop CPU,1985,2016000,9.89,,,C,Computing,1,25,11.61764,2.218678
5,Desktop CPU,1986,2397850,9.89,,,C,Computing,1,25,11.61764,2.218678
5,Desktop CPU,1987,2870700,9.89,,,C,Computing,1,25,11.61764,2.218678
5,Desktop CPU,1988,3053400,9.89,,,C,Computing,1,25,11.61764,2.218678
5,Desktop CPU,1989,3117030.35,9.89,,,C,Computing,1,25,11.61764,2.218678
5,Desktop CPU,1990,3319935.15,9.89,,,C,Computing,1,25,11.61764,2.218678
5,Desktop CPU,1991,3333316.7,9.89,,,C,Computing,1,25,11.61764,2.218678
5,Desktop CPU,1992,3468850,9.89,,,C,Computing,1,25,11.61764,2.218678
5,Desktop CPU,1993,4557707.196,9.89,,,C,Computing,1,25,11.61764,2.218678
5,Desktop CPU,1994,5353664.4,9.89,,,C,Computing,1,25,11.61764,2.218678
5,Desktop CPU,1995,6912069,9.89,,,C,Computing,1,25,11.61764,2.218678
5,Desktop CPU,1996,7567312,9.89,,,C,Computing,1,25,11.61764,2.218678
5,Desktop CPU,1997,9314468,9.89,,,C,Computing,1,25,11.61764,2.218678
5,Desktop CPU,1998,11980924,9.89,,,C,Computing,1,25,11.61764,2.218678
5,Desktop CPU,1999,16375290,9.89,,,C,Computing,1,25,11.61764,2.218678
5,Desktop CPU,2000,17475176,9.89,,,C,Computing,1,25,11.61764,2.218678
5,Desktop CPU,2001,13575382,9.89,,,C,Computing,1,25,11.61764,2.218678
5,Desktop CPU,2002,13940539,9.89,,,C,Computing,1,25,11.61764,2.218678
5,Desktop CPU,2003,13055206,9.89,,,C,Computing,1,25,11.61764,2.218678
5,Desktop CPU,2004,13225392.5,9.89,,,C,Computing,1,25,11.61764,2.218678
5,Desktop CPU,2005,12814129,9.89,,,C,Computing,1,25,11.61764,2.218678
5,Desktop CPU,2006,13284211,9.89,,,C,Computing,1,25,11.61764,2.218678
5,Desktop CPU,2007,11871346.5,9.89,,,C,Computing,1,25,11.61764,2.218678
5,Desktop CPU,2008,9977497,9.89,,,C,Computing,1,25,11.61764,2.218678
5,Desktop CPU,2009,9575924.5,9.89,,,C,Computing,1,25,11.61764,2.218678
5,Desktop CPU,2010,10455306.5,9.89,,,C,Computing,1,25,11.61764,2.218678
5,Desktop CPU,2011,9867865,9.89,,,C,Computing,1,25,11.61764,2.218678
5,Desktop CPU,2012,9512188,9.89,,,C,Computing,1,25,11.61764,2.218678
5,Desktop CPU,2013,7173240.1,9.89,,,C,Computing,1,25,11.61764,2.218678
5,Desktop CPU,2014,7206064.25,9.89,,,C,Computing,1,25,11.61764,2.218678
5,Desktop CPU,2015,5841517.2,9.89,,,C,Computing,1,25,11.61764,2.218678
5,Desktop CPU,2016,5068760.83,9.89,,,C,Computing,1,25,11.61764,2.218678
5,Desktop CPU,2017,4623093.7,9.89,,,C,Computing,1,25,11.61764,2.218678
5,Desktop CPU,2018,4379760,9.89,,,C,Computing,1,25,11.61764,2.218678
6,Digital camcorders,1985,517000,1.14,,,A,Audio-visual,1,10,4.700603,1.908107
6,Digital camcorders,1986,1169000,1.14,,,A,Audio-visual,1,10,4.700603,1.908107
6,Digital camcorders,1987,1604000,1.14,,,A,Audio-visual,1,10,4.700603,1.908107
6,Digital camcorders,1988,2044000,1.14,,,A,Audio-visual,1,10,4.700603,1.908107
6,Digital camcorders,1989,2286000,1.14,,,A,Audio-visual,1,10,4.700603,1.908107
6,Digital camcorders,1990,2962000,1.14,,,A,Audio-visual,1,10,4.700603,1.908107
6,Digital camcorders,1991,2864000,1.14,,,A,Audio-visual,1,10,4.700603,1.908107
6,Digital camcorders,1992,2815000,1.14,,,A,Audio-visual,1,10,4.700603,1.908107
6,Digital camcorders,1993,3088000,1.14,,,A,Audio-visual,1,10,4.700603,1.908107
6,Digital camcorders,1994,3209000,1.14,,,A,Audio-visual,1,10,4.700603,1.908107
6,Digital camcorders,1995,3560000,1.14,,,A,Audio-visual,1,10,4.700603,1.908107
6,Digital camcorders,1996,3634000,1.14,,,A,Audio-visual,1,10,4.700603,1.908107
6,Digital camcorders,1997,3650000,1.14,,,A,Audio-visual,1,10,4.700603,1.908107
6,Digital camcorders,1998,3829000,1.14,,,A,Audio-visual,1,10,4.700603,1.908107
6,Digital camcorders,1999,4790000,1.14,,,A,Audio-visual,1,10,4.700603,1.908107
6,Digital camcorders,2000,5848000,1.14,,,A,Audio-visual,1,10,4.700603,1.908107
6,Digital camcorders,2001,5284000,1.14,,,A,Audio-visual,1,10,4.700603,1.908107
6,Digital camcorders,2002,5790000,1.14,,,A,Audio-visual,1,10,4.700603,1.908107
6,Digital camcorders,2003,5262000,1.14,,,A,Audio-visual,1,10,4.700603,1.908107
6,Digital camcorders,2004,5559000,1.14,,,A,Audio-visual,1,10,4.700603,1.908107
6,Digital camcorders,2005,5242000,1.14,,,A,Audio-visual,1,10,4.700603,1.908107
6,Digital camcorders,2006,5320000,1.14,,,A,Audio-visual,1,10,4.700603,1.908107
6,Digital camcorders,2007,5558000,1.14,,,A,Audio-visual,1,10,4.700603,1.908107
6,Digital camcorders,2008,5608000,1.14,,,A,Audio-visual,1,10,4.700603,1.908107
6,Digital camcorders,2009,6267000,1.14,,,A,Audio-visual,1,10,4.700603,1.908107
6,Digital camcorders,2010,7246000,1.14,,,A,Audio-visual,1,10,4.700603,1.908107
6,Digital camcorders,2011,5459000,1.14,,,A,Audio-visual,1,10,4.700603,1.908107
6,Digital camcorders,2012,2663000,1.14,,,A,Audio-visual,1,10,4.700603,1.908107
6,Digital camcorders,2013,1633000,1.14,,,A,Audio-visual,1,10,4.700603,1.908107
6,Digital camcorders,2014,1195000,1.14,,,A,Audio-visual,1,10,4.700603,1.908107
6,Digital camcorders,2015,776750,1.14,,,A,Audio-visual,1,10,4.700603,1.908107
6,Digital camcorders,2016,512618,1.14,,,A,Audio-visual,1,10,4.700603,1.908107
6,Digital camcorders,2017,358832,1.14,,,A,Audio-visual,1,10,4.700603,1.908107
6,Digital camcorders,2018,258359,1.14,,,A,Audio-visual,1,10,4.700603,1.908107
7, Digital cameras,1989,0,0,,,A,Audio-visual,1,10,4.700603,1.908107
7, Digital cameras,1990,0,0,,,A,Audio-visual,1,10,4.700603,1.908107
7, Digital cameras,1991,0,0,,,A,Audio-visual,1,10,4.700603,1.908107
7, Digital cameras,1992,0,0,,,A,Audio-visual,1,10,4.700603,1.908107
7, Digital cameras,1993,0,0,,,A,Audio-visual,1,10,4.700603,1.908107
7, Digital cameras,1994,0,0,,,A,Audio-visual,1,10,4.700603,1.908107
7, Digital cameras,1995,0,0,,,A,Audio-visual,1,10,4.700603,1.908107
7, Digital cameras,1996,300000,0.132,,,A,Audio-visual,1,10,4.700603,1.908107
7, Digital cameras,1997,863000,0.132,,,A,Audio-visual,1,10,4.700603,1.908107
7, Digital cameras,1998,1180000,0.132,,,A,Audio-visual,1,10,4.700603,1.908107
7, Digital cameras,1999,2114000,0.132,,,A,Audio-visual,1,10,4.700603,1.908107
7, Digital cameras,2000,4234000,0.132,,,A,Audio-visual,1,10,4.700603,1.908107
7, Digital cameras,2001,5556000,0.132,,,A,Audio-visual,1,10,4.700603,1.908107
7, Digital cameras,2002,9267000,0.132,,,A,Audio-visual,1,10,4.700603,1.908107
7, Digital cameras,2003,14786000,0.132,,,A,Audio-visual,1,10,4.700603,1.908107
7, Digital cameras,2004,18852000,0.132,,,A,Audio-visual,1,10,4.700603,1.908107
7, Digital cameras,2005,23249000,0.132,,,A,Audio-visual,1,10,4.700603,1.908107
7, Digital cameras,2006,32947000,0.132,,,A,Audio-visual,1,10,4.700603,1.908107
7, Digital cameras,2007,32220000,0.132,,,A,Audio-visual,1,10,4.700603,1.908107
7, Digital cameras,2008,33168000,0.132,,,A,Audio-visual,1,10,4.700603,1.908107
7, Digital cameras,2009,32932000,0.132,,,A,Audio-visual,1,10,4.700603,1.908107
7, Digital cameras,2010,36545000,0.132,,,A,Audio-visual,1,10,4.700603,1.908107
7, Digital cameras,2011,37697000,0.132,,,A,Audio-visual,1,10,4.700603,1.908107
7, Digital cameras,2012,23202000,0.132,,,A,Audio-visual,1,10,4.700603,1.908107
7, Digital cameras,2013,15341000,0.132,,,A,Audio-visual,1,10,4.700603,1.908107
7, Digital cameras,2014,11532000,0.132,,,A,Audio-visual,1,10,4.700603,1.908107
7, Digital cameras,2015,8336000,0.132,,,A,Audio-visual,1,10,4.700603,1.908107
7, Digital cameras,2016,5170531,0.132,,,A,Audio-visual,1,10,4.700603,1.908107
7, Digital cameras,2017,4244237,0.132,,,A,Audio-visual,1,10,4.700603,1.908107
7, Digital cameras,2018,3680533,0.132,,,A,Audio-visual,1,10,4.700603,1.908107
8,DVD player,1989,0,0,,,V,Video,1,10,6.091079,2.064915
8,DVD player,1990,0,0,,,V,Video,1,10,6.091079,2.064915
8,DVD player,1991,0,0,,,V,Video,1,10,6.091079,2.064915
8,DVD player,1992,0,0,,,V,Video,1,10,6.091079,2.064915
8,DVD player,1993,0,0,,,V,Video,1,10,6.091079,2.064915
8,DVD player,1994,0,0,,,V,Video,1,10,6.091079,2.064915
8,DVD player,1995,0,0,,,V,Video,1,10,6.091079,2.064915
8,DVD player,1996,0,0,,,V,Video,1,10,6.091079,2.064915
8,DVD player,1997,349000,3.69,,,V,Video,1,10,6.091079,2.064915
8,DVD player,1998,1079000,3.69,,,V,Video,1,10,6.091079,2.064915
8,DVD player,1999,4072000,3.69,,,V,Video,1,10,6.091079,2.064915
8,DVD player,2000,8499000,3.69,,,V,Video,1,10,6.091079,2.064915
8,DVD player,2001,12707000,3.69,,,V,Video,1,10,6.091079,2.064915
8,DVD player,2002,17090000,3.69,,,V,Video,1,10,6.091079,2.064915
8,DVD player,2003,21994000,3.69,,,V,Video,1,10,6.091079,2.064915
8,DVD player,2004,19990000,3.69,,,V,Video,1,10,6.091079,2.064915
8,DVD player,2005,21148000,3.69,,,V,Video,1,10,6.091079,2.064915
8,DVD player,2006,22306000,3.69,,,V,Video,1,10,6.091079,2.064915
8,DVD player,2007,20919000,3.69,,,V,Video,1,10,6.091079,2.064915
8,DVD player,2008,18970000,3.69,,,V,Video,1,10,6.091079,2.064915
8,DVD player,2009,21026000,3.69,,,V,Video,1,10,6.091079,2.064915
8,DVD player,2010,18268500,3.69,,,V,Video,1,10,6.091079,2.064915
8,DVD player,2011,15511000,3.69,,,V,Video,1,10,6.091079,2.064915
8,DVD player,2012,10540000,3.69,,,V,Video,1,10,6.091079,2.064915
8,DVD player,2013,8936000,3.69,,,V,Video,1,10,6.091079,2.064915
8,DVD player,2014,7570000,3.69,,,V,Video,1,10,6.091079,2.064915
8,DVD player,2015,7363000,3.69,,,V,Video,1,10,6.091079,2.064915
8,DVD player,2016,6419526,3.69,,,V,Video,1,10,6.091079,2.064915
8,DVD player,2017,5640766,3.69,,,V,Video,1,10,6.091079,2.064915
8,DVD player,2018,4768125,3.69,,,V,Video,1,10,6.091079,2.064915
9,Gaming consoles,1989,0,0,,,V,Video,1,10,4.726243,1.787192
9,Gaming consoles,1990,0,0,,,V,Video,1,10,4.726243,1.787192
9,Gaming consoles,1991,0,0,,,V,Video,1,10,4.726243,1.787192
9,Gaming consoles,1992,0,0,,,V,Video,1,10,4.726243,1.787192
9,Gaming consoles,1993,0,0,,,V,Video,1,10,4.726243,1.787192
9,Gaming consoles,1994,0,0,,,V,Video,1,10,4.726243,1.787192
9,Gaming consoles,1995,0,0,,,V,Video,1,10,4.726243,1.787192
9,Gaming consoles,1996,0,0,,,V,Video,1,10,4.726243,1.787192
9,Gaming consoles,1997,0,0,,,V,Video,1,10,4.726243,1.787192
9,Gaming consoles,1998,0,0,,,V,Video,1,10,4.726243,1.787192
9,Gaming consoles,1999,0,0,,,V,Video,1,10,4.726243,1.787192
9,Gaming consoles,2000,0,0,,,V,Video,1,10,4.726243,1.787192
9,Gaming consoles,2001,0,0,,,V,Video,1,10,4.726243,1.787192
9,Gaming consoles,2002,0,0,,,V,Video,1,10,4.726243,1.787192
9,Gaming consoles,2003,0,0,,,V,Video,1,10,4.726243,1.787192
9,Gaming consoles,2004,0,0,,,V,Video,1,10,4.726243,1.787192
9,Gaming consoles,2005,0,0,,,V,Video,1,10,4.726243,1.787192
9,Gaming consoles,2006,0,0,,,V,Video,1,10,4.726243,1.787192
9,Gaming consoles,2007,17981150,2.81,,,V,Video,1,10,4.726243,1.787192
9,Gaming consoles,2008,21603534,2.81,,,V,Video,1,10,4.726243,1.787192
9,Gaming consoles,2009,21187590,2.81,,,V,Video,1,10,4.726243,1.787192
9,Gaming consoles,2010,21479500,2.81,,,V,Video,1,10,4.726243,1.787192
9,Gaming consoles,2011,20031168,2.81,,,V,Video,1,10,4.726243,1.787192
9,Gaming consoles,2012,12790400,2.81,,,V,Video,1,10,4.726243,1.787192
9,Gaming consoles,2013,12428000,2.81,,,V,Video,1,10,4.726243,1.787192
9,Gaming consoles,2014,14292200,2.81,,,V,Video,1,10,4.726243,1.787192
9,Gaming consoles,2015,15149732,2.81,,,V,Video,1,10,4.726243,1.787192
9,Gaming consoles,2016,15907219,2.81,,,V,Video,1,10,4.726243,1.787192
9,Gaming consoles,2017,16543507,2.81,,,V,Video,1,10,4.726243,1.787192
9,Gaming consoles,2018,17039813,2.81,,,V,Video,1,10,4.726243,1.787192
10,Laptops,1989,0,0,,,C,Computing,1,20,9.88697,1.789481
10,Laptops,1990,0,0,,,C,Computing,1,20,9.88697,1.789481
10,Laptops,1991,0,0,,,C,Computing,1,20,9.88697,1.789481
10,Laptops,1992,222000,3.4018,,,C,Computing,1,20,9.88697,1.789481
10,Laptops,1993,303357.5328,3.3552,,,C,Computing,1,20,9.88697,1.789481
10,Laptops,1994,384055.68,3.3086,,,C,Computing,1,20,9.88697,1.789481
10,Laptops,1995,3563808,3.262,,,C,Computing,1,20,9.88697,1.789481
10,Laptops,1996,4949204,3.2154,,,C,Computing,1,20,9.88697,1.789481
10,Laptops,1997,6000141,3.1688,,,C,Computing,1,20,9.88697,1.789481
10,Laptops,1998,6407928,3.1222,,,C,Computing,1,20,9.88697,1.789481
10,Laptops,1999,7870998,3.0756,,,C,Computing,1,20,9.88697,1.789481
10,Laptops,2000,9072814,3.029,,,C,Computing,1,20,9.88697,1.789481
10,Laptops,2001,8975221,2.9824,,,C,Computing,1,20,9.88697,1.789481
10,Laptops,2002,9760364,2.9358,,,C,Computing,1,20,9.88697,1.789481
10,Laptops,2003,9777478,2.8892,,,C,Computing,1,20,9.88697,1.789481
10,Laptops,2004,11898518.5,2.8426,,,C,Computing,1,20,9.88697,1.789481
10,Laptops,2005,15548020,2.796,,,C,Computing,1,20,9.88697,1.789481
10,Laptops,2006,17729620,2.7494,,,C,Computing,1,20,9.88697,1.789481
10,Laptops,2007,19303097.33,2.7028,,,C,Computing,1,20,9.88697,1.789481
10,Laptops,2008,22969693.09,2.6562,,,C,Computing,1,20,9.88697,1.789481
10,Laptops,2009,32818968.33,2.6096,,,C,Computing,1,20,9.88697,1.789481
10,Laptops,2010,33976801.33,2.563,,,C,Computing,1,20,9.88697,1.789481
10,Laptops,2011,33012033.67,2.5164,,,C,Computing,1,20,9.88697,1.789481
10,Laptops,2012,30188550.11,2.4698,,,C,Computing,1,20,9.88697,1.789481
10,Laptops,2013,28917391.45,2.4232,,,C,Computing,1,20,9.88697,1.789481
10,Laptops,2014,30010773.19,2.3766,,,C,Computing,1,20,9.88697,1.789481
10,Laptops,2015,31370597.19,2.33,,,C,Computing,1,20,9.88697,1.789481
10,Laptops,2016,30385488.81,2.2834,,,C,Computing,1,20,9.88697,1.789481
10,Laptops,2017,32607442.96,2.2368,,,C,Computing,1,20,9.88697,1.789481
10,Laptops,2018,32179545.26,2.1902,,,C,Computing,1,20,9.88697,1.789481
11,LED Monitor,1989,0,0,,,M,Monitor,1,20,7.176332,2.569338
11,LED Monitor,1990,0,0,,,M,Monitor,1,20,7.176332,2.569338
11,LED Monitor,1991,0,0,,,M,Monitor,1,20,7.176332,2.569338
11,LED Monitor,1992,0,0,,,M,Monitor,1,20,7.176332,2.569338
11,LED Monitor,1993,0,0,,,M,Monitor,1,20,7.176332,2.569338
11,LED Monitor,1994,0,0,,,M,Monitor,1,20,7.176332,2.569338
11,LED Monitor,1995,0,0,,,M,Monitor,1,20,7.176332,2.569338
11,LED Monitor,1996,0,0,,,M,Monitor,1,20,7.176332,2.569338
11,LED Monitor,1997,0,0,,,M,Monitor,1,20,7.176332,2.569338
11,LED Monitor,1998,0,0,,,M,Monitor,1,20,7.176332,2.569338
11,LED Monitor,1999,0,0,,,M,Monitor,1,20,7.176332,2.569338
11,LED Monitor,2000,0,0,,,M,Monitor,1,20,7.176332,2.569338
11,LED Monitor,2001,0,0,,,M,Monitor,1,20,7.176332,2.569338
11,LED Monitor,2002,0,0,,,M,Monitor,1,20,7.176332,2.569338
11,LED Monitor,2003,0,0,,,M,Monitor,1,20,7.176332,2.569338
11,LED Monitor,2004,0,0,,,M,Monitor,1,20,7.176332,2.569338
11,LED Monitor,2005,0,0,,,M,Monitor,1,20,7.176332,2.569338
11,LED Monitor,2006,0,0,,,M,Monitor,1,20,7.176332,2.569338
11,LED Monitor,2007,0,0,,,M,Monitor,1,20,7.176332,2.569338
11,LED Monitor,2008,0,0,,,M,Monitor,1,20,7.176332,2.569338
11,LED Monitor,2009,478796.225,3.380702,,,M,Monitor,1,20,7.176332,2.569338
11,LED Monitor,2010,2091061.3,3.497078,,,M,Monitor,1,20,7.176332,2.569338
11,LED Monitor,2011,2883996.089,3.613454,,,M,Monitor,1,20,7.176332,2.569338
11,LED Monitor,2012,3348273.351,3.72983,,,M,Monitor,1,20,7.176332,2.569338
11,LED Monitor,2013,3829658.775,3.846206,,,M,Monitor,1,20,7.176332,2.569338
11,LED Monitor,2014,5157844.08,3.962582,,,M,Monitor,1,20,7.176332,2.569338
11,LED Monitor,2015,4952918.384,4.078958,,,M,Monitor,1,20,7.176332,2.569338
11,LED Monitor,2016,4967385.612,4.195334,,,M,Monitor,1,20,7.176332,2.569338
11,LED Monitor,2017,4623093.695,4.31171,,,M,Monitor,1,20,7.176332,2.569338
11,LED Monitor,2018,4379760,4.428086,,,M,Monitor,1,20,7.176332,2.569338
12,LED TV,1989,0,0,,,T,TV,1,20,6.45085,3.75014
12,LED TV,1990,0,0,,,T,TV,1,20,6.45085,3.75014
12,LED TV,1991,0,0,,,T,TV,1,20,6.45085,3.75014
12,LED TV,1992,0,0,,,T,TV,1,20,6.45085,3.75014
12,LED TV,1993,0,0,,,T,TV,1,20,6.45085,3.75014
12,LED TV,1994,0,0,,,T,TV,1,20,6.45085,3.75014
12,LED TV,1995,0,0,,,T,TV,1,20,6.45085,3.75014
12,LED TV,1996,0,0,,,T,TV,1,20,6.45085,3.75014
12,LED TV,1997,0,0,,,T,TV,1,20,6.45085,3.75014
12,LED TV,1998,0,0,,,T,TV,1,20,6.45085,3.75014
12,LED TV,1999,0,0,,,T,TV,1,20,6.45085,3.75014
12,LED TV,2000,0,0,,,T,TV,1,20,6.45085,3.75014
12,LED TV,2001,0,0,,,T,TV,1,20,6.45085,3.75014
12,LED TV,2002,0,0,,,T,TV,1,20,6.45085,3.75014
12,LED TV,2003,0,0,,,T,TV,1,20,6.45085,3.75014
12,LED TV,2004,0,0,,,T,TV,1,20,6.45085,3.75014
12,LED TV,2005,0,0,,,T,TV,1,20,6.45085,3.75014
12,LED TV,2006,0,0,,,T,TV,1,20,6.45085,3.75014
12,LED TV,2007,0,0,,,T,TV,1,20,6.45085,3.75014
12,LED TV,2008,0,0,,,T,TV,1,20,6.45085,3.75014
12,LED TV,2009,1486300,11.756849,,,T,TV,1,20,6.45085,3.75014
12,LED TV,2010,5703800,11.24461,,,T,TV,1,20,6.45085,3.75014
12,LED TV,2011,8354000,10.732371,,,T,TV,1,20,6.45085,3.75014
12,LED TV,2012,11397350.73,10.220132,,,T,TV,1,20,6.45085,3.75014
12,LED TV,2013,19312622.27,9.707893,,,T,TV,1,20,6.45085,3.75014
12,LED TV,2014,25517000,9.195654,,,T,TV,1,20,6.45085,3.75014
12,LED TV,2015,33346358.57,8.683415,,,T,TV,1,20,6.45085,3.75014
12,LED TV,2016,39227440,8.171176,,,T,TV,1,20,6.45085,3.75014
12,LED TV,2017,39725824,7.658937,,,T,TV,1,20,6.45085,3.75014
12,LED TV,2018,39187343,7.146698,,,T,TV,1,20,6.45085,3.75014
13,LCD monitor,1989,0,0,,,M,Monitor,1,20,7.176332,2.569338
13,LCD monitor,1990,0,0,,,M,Monitor,1,20,7.176332,2.569338
13,LCD monitor,1991,0,0,,,M,Monitor,1,20,7.176332,2.569338
13,LCD monitor,1992,0,0,,,M,Monitor,1,20,7.176332,2.569338
13,LCD monitor,1993,0,0,,,M,Monitor,1,20,7.176332,2.569338
13,LCD monitor,1994,0,0,,,M,Monitor,1,20,7.176332,2.569338
13,LCD monitor,1995,0,0,,,M,Monitor,1,20,7.176332,2.569338
13,LCD monitor,1996,0,0,,,M,Monitor,1,20,7.176332,2.569338
13,LCD monitor,1997,0,0,,,M,Monitor,1,20,7.176332,2.569338
13,LCD monitor,1998,0,0,,,M,Monitor,1,20,7.176332,2.569338
13,LCD monitor,1999,1121.979445,3.41068,,,M,Monitor,1,20,7.176332,2.569338
13,LCD monitor,2000,466597.1977,3.58972,,,M,Monitor,1,20,7.176332,2.569338
13,LCD monitor,2001,419827.0142,3.76876,,,M,Monitor,1,20,7.176332,2.569338
13,LCD monitor,2002,495530.325,3.9478,,,M,Monitor,1,20,7.176332,2.569338
13,LCD monitor,2003,764569.6189,4.12684,,,M,Monitor,1,20,7.176332,2.569338
13,LCD monitor,2004,1351645.48,4.30588,,,M,Monitor,1,20,7.176332,2.569338
13,LCD monitor,2005,2801727.474,4.48492,,,M,Monitor,1,20,7.176332,2.569338
13,LCD monitor,2006,7312696.108,4.66396,,,M,Monitor,1,20,7.176332,2.569338
13,LCD monitor,2007,11095042.84,4.843,,,M,Monitor,1,20,7.176332,2.569338
13,LCD monitor,2008,9977497,5.02204,,,M,Monitor,1,20,7.176332,2.569338
13,LCD monitor,2009,9097128.275,5.20108,,,M,Monitor,1,20,7.176332,2.569338
13,LCD monitor,2010,8364245.2,5.38012,,,M,Monitor,1,20,7.176332,2.569338
13,LCD monitor,2011,6983868.911,5.55916,,,M,Monitor,1,20,7.176332,2.569338
13,LCD monitor,2012,6163914.649,5.7382,,,M,Monitor,1,20,7.176332,2.569338
13,LCD monitor,2013,3343581.325,5.91724,,,M,Monitor,1,20,7.176332,2.569338
13,LCD monitor,2014,2048220.17,6.09628,,,M,Monitor,1,20,7.176332,2.569338
13,LCD monitor,2015,888599,6.27532,,,M,Monitor,1,20,7.176332,2.569338
13,LCD monitor,2016,101375.2166,6.45436,,,M,Monitor,1,20,7.176332,2.569338
13,LCD monitor,2017,0,0,,,M,Monitor,1,20,7.176332,2.569338
13,LCD monitor,2018,0,0,,,M,Monitor,1,20,7.176332,2.569338
14,LCD TV,1989,0,0,,,T,TV,1,20,6.45085,3.75014
14,LCD TV,1990,0,0,,,T,TV,1,20,6.45085,3.75014
14,LCD TV,1991,0,0,,,T,TV,1,20,6.45085,3.75014
14,LCD TV,1992,0,0,,,T,TV,1,20,6.45085,3.75014
14,LCD TV,1993,0,0,,,T,TV,1,20,6.45085,3.75014
14,LCD TV,1994,0,0,,,T,TV,1,20,6.45085,3.75014
14,LCD TV,1995,0,0,,,T,TV,1,20,6.45085,3.75014
14,LCD TV,1996,0,0,,,T,TV,1,20,6.45085,3.75014
14,LCD TV,1997,0,0,,,T,TV,1,20,6.45085,3.75014
14,LCD TV,1998,0,0,,,T,TV,1,20,6.45085,3.75014
14,LCD TV,1999,0,0,,,T,TV,1,20,6.45085,3.75014
14,LCD TV,2000,832000,25.18,,,T,TV,1,20,6.45085,3.75014
14,LCD TV,2001,845000,24.39194,,,T,TV,1,20,6.45085,3.75014
14,LCD TV,2002,935000,23.60388,,,T,TV,1,20,6.45085,3.75014
14,LCD TV,2003,1253000,22.81582,,,T,TV,1,20,6.45085,3.75014
14,LCD TV,2004,1842000,22.02776,,,T,TV,1,20,6.45085,3.75014
14,LCD TV,2005,4077000,21.2397,,,T,TV,1,20,6.45085,3.75014
14,LCD TV,2006,10325000,20.45164,,,T,TV,1,20,6.45085,3.75014
14,LCD TV,2007,16843000,19.66358,,,T,TV,1,20,6.45085,3.75014
14,LCD TV,2008,24116000,18.87552,,,T,TV,1,20,6.45085,3.75014
14,LCD TV,2009,28239700,18.08746,,,T,TV,1,20,6.45085,3.75014
14,LCD TV,2010,22815200,17.2994,,,T,TV,1,20,6.45085,3.75014
14,LCD TV,2011,20230000,16.51134,,,T,TV,1,20,6.45085,3.75014
14,LCD TV,2012,20981649.27,15.72328,,,T,TV,1,20,6.45085,3.75014
14,LCD TV,2013,16861377.73,14.93522,,,T,TV,1,20,6.45085,3.75014
14,LCD TV,2014,10133000,14.14716,,,T,TV,1,20,6.45085,3.75014
14,LCD TV,2015,5982641.431,13.3591,,,T,TV,1,20,6.45085,3.75014
14,LCD TV,2016,800560,12.57104,,,T,TV,1,20,6.45085,3.75014
14,LCD TV,2017,0,0,,,T,TV,1,20,6.45085,3.75014
14,LCD TV,2018,0,0,,,T,TV,1,20,6.45085,3.75014
15,MP3 player,1989,0,0,,,A,Audio-visual,1,10,3.989448,1.577194
15,MP3 player,1990,0,0,,,A,Audio-visual,1,10,3.989448,1.577194
15,MP3 player,1991,0,0,,,A,Audio-visual,1,10,3.989448,1.577194
15,MP3 player,1992,0,0,,,A,Audio-visual,1,10,3.989448,1.577194
15,MP3 player,1993,0,0,,,A,Audio-visual,1,10,3.989448,1.577194
15,MP3 player,1994,0,0,,,A,Audio-visual,1,10,3.989448,1.577194
15,MP3 player,1995,0,0,,,A,Audio-visual,1,10,3.989448,1.577194
15,MP3 player,1996,0,0,,,A,Audio-visual,1,10,3.989448,1.577194
15,MP3 player,1997,0,0,,,A,Audio-visual,1,10,3.989448,1.577194
15,MP3 player,1998,0,0,,,A,Audio-visual,1,10,3.989448,1.577194
15,MP3 player,1999,500000,0.093,,,A,Audio-visual,1,10,3.989448,1.577194
15,MP3 player,2000,587000,0.093,,,A,Audio-visual,1,10,3.989448,1.577194
15,MP3 player,2001,724000,0.093,,,A,Audio-visual,1,10,3.989448,1.577194
15,MP3 player,2002,1737000,0.093,,,A,Audio-visual,1,10,3.989448,1.577194
15,MP3 player,2003,3031000,0.093,,,A,Audio-visual,1,10,3.989448,1.577194
15,MP3 player,2004,7126000,0.093,,,A,Audio-visual,1,10,3.989448,1.577194
15,MP3 player,2005,24812000,0.093,,,A,Audio-visual,1,10,3.989448,1.577194
15,MP3 player,2006,38124000,0.093,,,A,Audio-visual,1,10,3.989448,1.577194
15,MP3 player,2007,48020000,0.093,,,A,Audio-visual,1,10,3.989448,1.577194
15,MP3 player,2008,43731000,0.093,,,A,Audio-visual,1,10,3.989448,1.577194
15,MP3 player,2009,40101000,0.093,,,A,Audio-visual,1,10,3.989448,1.577194
15,MP3 player,2010,39686000,0.093,,,A,Audio-visual,1,10,3.989448,1.577194
15,MP3 player,2011,36263000,0.093,,,A,Audio-visual,1,10,3.989448,1.577194
15,MP3 player,2012,26472000,0.093,,,A,Audio-visual,1,10,3.989448,1.577194
15,MP3 player,2013,19503000,0.093,,,A,Audio-visual,1,10,3.989448,1.577194
15,MP3 player,2014,15272000,0.093,,,A,Audio-visual,1,10,3.989448,1.577194
15,MP3 player,2015,7788720,0.093,,,A,Audio-visual,1,10,3.989448,1.577194
15,MP3 player,2016,5841540,0.093,,,A,Audio-visual,1,10,3.989448,1.577194
15,MP3 player,2017,5666294,0.093,,,A,Audio-visual,1,10,3.989448,1.577194
15,MP3 player,2018,5552968,0.093,,,A,Audio-visual,1,10,3.989448,1.577194
16,Plasma TV,1989,0,0,,,T,TV,1,20,6.45085,3.75014
16,Plasma TV,1990,0,0,,,T,TV,1,20,6.45085,3.75014
16,Plasma TV,1991,0,0,,,T,TV,1,20,6.45085,3.75014
16,Plasma TV,1992,0,0,,,T,TV,1,20,6.45085,3.75014
16,Plasma TV,1993,0,0,,,T,TV,1,20,6.45085,3.75014
16,Plasma TV,1994,0,0,,,T,TV,1,20,6.45085,3.75014
16,Plasma TV,1995,0,0,,,T,TV,1,20,6.45085,3.75014
16,Plasma TV,1996,0,0,,,T,TV,1,20,6.45085,3.75014
16,Plasma TV,1997,0,0,,,T,TV,1,20,6.45085,3.75014
16,Plasma TV,1998,0,0,,,T,TV,1,20,6.45085,3.75014
16,Plasma TV,1999,2000,45.48229,,,T,TV,1,20,6.45085,3.75014
16,Plasma TV,2000,8000,43.86431,,,T,TV,1,20,6.45085,3.75014
16,Plasma TV,2001,16000,42.24633,,,T,TV,1,20,6.45085,3.75014
16,Plasma TV,2002,106000,40.62835,,,T,TV,1,20,6.45085,3.75014
16,Plasma TV,2003,342000,39.01037,,,T,TV,1,20,6.45085,3.75014
16,Plasma TV,2004,870000,37.39239,,,T,TV,1,20,6.45085,3.75014
16,Plasma TV,2005,1639000,35.77441,,,T,TV,1,20,6.45085,3.75014
16,Plasma TV,2006,3028000,34.15643,,,T,TV,1,20,6.45085,3.75014
16,Plasma TV,2007,3166000,32.53845,,,T,TV,1,20,6.45085,3.75014
16,Plasma TV,2008,3572000,30.92047,,,T,TV,1,20,6.45085,3.75014
16,Plasma TV,2009,3366000,29.30249,,,T,TV,1,20,6.45085,3.75014
16,Plasma TV,2010,4416000,27.68451,,,T,TV,1,20,6.45085,3.75014
16,Plasma TV,2011,3807000,26.06653,,,T,TV,1,20,6.45085,3.75014
16,Plasma TV,2012,2982000,24.44855,,,T,TV,1,20,6.45085,3.75014
16,Plasma TV,2013,1995000,22.83057,,,T,TV,1,20,6.45085,3.75014
16,Plasma TV,2014,1063000,21.21259,,,T,TV,1,20,6.45085,3.75014
16,Plasma TV,2015,0,0,,,T,TV,1,20,6.45085,3.75014
16,Plasma TV,2016,0,0,,,T,TV,1,20,6.45085,3.75014
16,Plasma TV,2017,0,0,,,T,TV,1,20,6.45085,3.75014
16,Plasma TV,2018,0,0,,,T,TV,1,20,6.45085,3.75014
17,Printer,1980,369000,7.45,,,H,Hard-copy,1,25,11.61764,2.218678
17,Printer,1981,738000,7.45,,,H,Hard-copy,1,25,11.61764,2.218678
17,Printer,1982,1145000,7.45,,,H,Hard-copy,1,25,11.61764,2.218678
17,Printer,1983,2769000,7.45,,,H,Hard-copy,1,25,11.61764,2.218678
17,Printer,1984,2935000,7.45,,,H,Hard-copy,1,25,11.61764,2.218678
17,Printer,1985,2363000,7.45,,,H,Hard-copy,1,25,11.61764,2.218678
17,Printer,1986,2178000,7.45,,,H,Hard-copy,1,25,11.61764,2.218678
17,Printer,1987,2308000,7.45,,,H,Hard-copy,1,25,11.61764,2.218678
17,Printer,1988,2585000,7.45,,,H,Hard-copy,1,25,11.61764,2.218678
17,Printer,1989,2880000,7.45,,,H,Hard-copy,1,25,11.61764,2.218678
17,Printer,1990,2954000,7.45,,,H,Hard-copy,1,25,11.61764,2.218678
17,Printer,1991,2880000,7.45,,,H,Hard-copy,1,25,11.61764,2.218678
17,Printer,1992,3600000,7.45,,,H,Hard-copy,1,25,11.61764,2.218678
17,Printer,1993,4320000,7.45,,,H,Hard-copy,1,25,11.61764,2.218678
17,Printer,1994,5160000,7.45,,,H,Hard-copy,1,25,11.61764,2.218678
17,Printer,1995,6480000,7.45,,,H,Hard-copy,1,25,11.61764,2.218678
17,Printer,1996,8400000,7.45,,,H,Hard-copy,1,25,11.61764,2.218678
17,Printer,1997,10400000,7.45,,,H,Hard-copy,1,25,11.61764,2.218678
17,Printer,1998,12500000,7.45,,,H,Hard-copy,1,25,11.61764,2.218678
17,Printer,1999,15000000,7.45,,,H,Hard-copy,1,25,11.61764,2.218678
17,Printer,2000,17400000,7.45,,,H,Hard-copy,1,25,11.61764,2.218678
17,Printer,2001,18800000,7.45,,,H,Hard-copy,1,25,11.61764,2.218678
17,Printer,2002,20300000,7.45,,,H,Hard-copy,1,25,11.61764,2.218678
17,Printer,2003,21518000,7.45,,,H,Hard-copy,1,25,11.61764,2.218678
17,Printer,2004,19581000,7.45,,,H,Hard-copy,1,25,11.61764,2.218678
17,Printer,2005,19973000,7.45,,,H,Hard-copy,1,25,11.61764,2.218678
17,Printer,2006,20273000,7.45,,,H,Hard-copy,1,25,11.61764,2.218678
17,Printer,2007,21001000,7.45,,,H,Hard-copy,1,25,11.61764,2.218678
17,Printer,2008,22944000,7.45,,,H,Hard-copy,1,25,11.61764,2.218678
17,Printer,2009,21499076.28,7.45,,,H,Hard-copy,1,25,11.61764,2.218678
17,Printer,2010,20054152.57,7.45,,,H,Hard-copy,1,25,11.61764,2.218678
17,Printer,2011,18022000,7.45,,,H,Hard-copy,1,25,11.61764,2.218678
17,Printer,2012,16950000,7.45,,,H,Hard-copy,1,25,11.61764,2.218678
17,Printer,2013,16285000,7.45,,,H,Hard-copy,1,25,11.61764,2.218678
17,Printer,2014,15990876.77,7.45,,,H,Hard-copy,1,25,11.61764,2.218678
17,Printer,2015,15240322.89,7.45,,,H,Hard-copy,1,25,11.61764,2.218678
17,Printer,2016,14489769,7.45,,,H,Hard-copy,1,25,11.61764,2.218678
17,Printer,2017,13776417.33,7.45,,,H,Hard-copy,1,25,11.61764,2.218678
17,Printer,2018,12099625.94,7.45,,,H,Hard-copy,1,25,11.61764,2.218678
18,Smart phone,1989,0,0,,,P,Phone,1,10,2.814943,1.833479
18,Smart phone,1990,0,0,,,P,Phone,1,10,2.814943,1.833479
18,Smart phone,1991,0,0,,,P,Phone,1,10,2.814943,1.833479
18,Smart phone,1992,0,0,,,P,Phone,1,10,2.814943,1.833479
18,Smart phone,1993,0,0,,,P,Phone,1,10,2.814943,1.833479
18,Smart phone,1994,0,0,,,P,Phone,1,10,2.814943,1.833479
18,Smart phone,1995,0,0,,,P,Phone,1,10,2.814943,1.833479
18,Smart phone,1996,0,0,,,P,Phone,1,10,2.814943,1.833479
18,Smart phone,1997,0,0,,,P,Phone,1,10,2.814943,1.833479
18,Smart phone,1998,0,0,,,P,Phone,1,10,2.814943,1.833479
18,Smart phone,1999,0,0,,,P,Phone,1,10,2.814943,1.833479
18,Smart phone,2000,0,0,,,P,Phone,1,10,2.814943,1.833479
18,Smart phone,2001,0,0,,,P,Phone,1,10,2.814943,1.833479
18,Smart phone,2002,0,0,,,P,Phone,1,10,2.814943,1.833479
18,Smart phone,2003,2306000,0.137,,,P,Phone,1,10,2.814943,1.833479
18,Smart phone,2004,3627000,0.137,,,P,Phone,1,10,2.814943,1.833479
18,Smart phone,2005,7920000,0.137,,,P,Phone,1,10,2.814943,1.833479
18,Smart phone,2006,11282000,0.137,,,P,Phone,1,10,2.814943,1.833479
18,Smart phone,2007,19500000,0.137,,,P,Phone,1,10,2.814943,1.833479
18,Smart phone,2008,28555000,0.137,,,P,Phone,1,10,2.814943,1.833479
18,Smart phone,2009,41163000,0.137,,,P,Phone,1,10,2.814943,1.833479
18,Smart phone,2010,54136000,0.137,,,P,Phone,1,10,2.814943,1.833479
18,Smart phone,2011,87431000,0.137,,,P,Phone,1,10,2.814943,1.833479
18,Smart phone,2012,114061000,0.137,,,P,Phone,1,10,2.814943,1.833479
18,Smart phone,2013,151000000,0.137,,,P,Phone,1,10,2.814943,1.833479
18,Smart phone,2014,160221000,0.137,,,P,Phone,1,10,2.814943,1.833479
18,Smart phone,2015,174640890,0.137,,,P,Phone,1,10,2.814943,1.833479
18,Smart phone,2016,179880117,0.137,,,P,Phone,1,10,2.814943,1.833479
18,Smart phone,2017,185276225,0.137,,,P,Phone,1,10,2.814943,1.833479
18,Smart phone,2018,190834612,0.137,,,P,Phone,1,10,2.814943,1.833479
19,Tablet,1989,0,0,,,C,Computing,1,10,9.88697,1.789481
19,Tablet,1990,0,0,,,C,Computing,1,10,9.88697,1.789481
19,Tablet,1991,0,0,,,C,Computing,1,10,9.88697,1.789481
19,Tablet,1992,0,0,,,C,Computing,1,10,9.88697,1.789481
19,Tablet,1993,0,0,,,C,Computing,1,10,9.88697,1.789481
19,Tablet,1994,0,0,,,C,Computing,1,10,9.88697,1.789481
19,Tablet,1995,0,0,,,C,Computing,1,10,9.88697,1.789481
19,Tablet,1996,0,0,,,C,Computing,1,10,9.88697,1.789481
19,Tablet,1997,0,0,,,C,Computing,1,10,9.88697,1.789481
19,Tablet,1998,0,0,,,C,Computing,1,10,9.88697,1.789481
19,Tablet,1999,0,0,,,C,Computing,1,10,9.88697,1.789481
19,Tablet,2000,0,0,,,C,Computing,1,10,9.88697,1.789481
19,Tablet,2001,0,0,,,C,Computing,1,10,9.88697,1.789481
19,Tablet,2002,0,0,,,C,Computing,1,10,9.88697,1.789481
19,Tablet,2003,0,0,,,C,Computing,1,10,9.88697,1.789481
19,Tablet,2004,0,0,,,C,Computing,1,10,9.88697,1.789481
19,Tablet,2005,0,0,,,C,Computing,1,10,9.88697,1.789481
19,Tablet,2006,20000,0.441,,,C,Computing,1,10,9.88697,1.789481
19,Tablet,2007,147000,0.441,,,C,Computing,1,10,9.88697,1.789481
19,Tablet,2008,580000,0.441,,,C,Computing,1,10,9.88697,1.789481
19,Tablet,2009,2290000,0.441,,,C,Computing,1,10,9.88697,1.789481
19,Tablet,2010,18570000,0.441,,,C,Computing,1,10,9.88697,1.789481
19,Tablet,2011,52960000,0.441,,,C,Computing,1,10,9.88697,1.789481
19,Tablet,2012,70827375,0.441,,,C,Computing,1,10,9.88697,1.789481
19,Tablet,2013,86466278.83,0.441,,,C,Computing,1,10,9.88697,1.789481
19,Tablet,2014,84527842.21,0.441,,,C,Computing,1,10,9.88697,1.789481
19,Tablet,2015,73848550.85,0.441,,,C,Computing,1,10,9.88697,1.789481
19,Tablet,2016,68302475,0.441,,,C,Computing,1,10,9.88697,1.789481
19,Tablet,2017,64475481,0.441,,,C,Computing,1,10,9.88697,1.789481
19,Tablet,2018,61249750,0.441,,,C,Computing,1,10,9.88697,1.789481
20, VCR,1980,11336000,4.43,,,V,Video,1,10,6.091079,2.064915
20, VCR,1981,12005000,4.43,,,V,Video,1,10,6.091079,2.064915
20, VCR,1982,11702000,4.43,,,V,Video,1,10,6.091079,2.064915
20, VCR,1983,10748000,4.43,,,V,Video,1,10,6.091079,2.064915
20, VCR,1984,9760000,4.43,,,V,Video,1,10,6.091079,2.064915
20, VCR,1985,10119000,4.43,,,V,Video,1,10,6.091079,2.064915
20, VCR,1986,10718000,4.43,,,V,Video,1,10,6.091079,2.064915
20, VCR,1987,12329000,4.43,,,V,Video,1,10,6.091079,2.064915
20, VCR,1988,12448000,4.43,,,V,Video,1,10,6.091079,2.064915
20, VCR,1989,13087000,4.43,,,V,Video,1,10,6.091079,2.064915
20, VCR,1990,13562000,4.43,,,V,Video,1,10,6.091079,2.064915
20, VCR,1991,15641000,4.43,,,V,Video,1,10,6.091079,2.064915
20, VCR,1992,16673000,4.43,,,V,Video,1,10,6.091079,2.064915
20, VCR,1993,18113000,4.43,,,V,Video,1,10,6.091079,2.064915
20, VCR,1994,22809000,4.43,,,V,Video,1,10,6.091079,2.064915
20, VCR,1995,23072000,4.43,,,V,Video,1,10,6.091079,2.064915
20, VCR,1996,14910000,4.43,,,V,Video,1,10,6.091079,2.064915
20, VCR,1997,13538000,4.43,,,V,Video,1,10,6.091079,2.064915
20, VCR,1998,6416000,4.43,,,V,Video,1,10,6.091079,2.064915
20, VCR,1999,2267000,4.43,,,V,Video,1,10,6.091079,2.064915
20, VCR,2000,1365000,4.43,,,V,Video,1,10,6.091079,2.064915
20, VCR,2001,759000,4.43,,,V,Video,1,10,6.091079,2.064915
20, VCR,2002,53000,4.43,,,V,Video,1,10,6.091079,2.064915
20, VCR,2003,6000,4.43,,,V,Video,1,10,6.091079,2.064915
20, VCR,2004,0,0,,,V,Video,1,10,6.091079,2.064915
20, VCR,2005,0,0,,,V,Video,1,10,6.091079,2.064915
20, VCR,2006,0,0,,,V,Video,1,10,6.091079,2.064915
20, VCR,2007,0,0,,,V,Video,1,10,6.091079,2.064915
20, VCR,2008,0,0,,,V,Video,1,10,6.091079,2.064915
20, VCR,2009,0,0,,,V,Video,1,10,6.091079,2.064915
20, VCR,2010,0,0,,,V,Video,1,10,6.091079,2.064915
20, VCR,2011,0,0,,,V,Video,1,10,6.091079,2.064915
20, VCR,2012,0,0,,,V,Video,1,10,6.091079,2.064915
20, VCR,2013,0,0,,,V,Video,1,10,6.091079,2.064915
20, VCR,2014,0,0,,,V,Video,1,10,6.091079,2.064915
20, VCR,2015,0,0,,,V,Video,1,10,6.091079,2.064915
20, VCR,2016,0,0,,,V,Video,1,10,6.091079,2.064915
20, VCR,2017,0,0,,,V,Video,1,10,6.091079,2.064915
20, VCR,2018,0,0,,,V,Video,1,10,6.091079,2.064915
